timestamp,sleep_duration,sleep_quality,heart_rate,body_movement
2023-01-01 00:00:00,5.872700594236813,good,50.6100870662172,2.5715235110909584
2023-01-01 01:00:00,8.75357153204958,average,67.72729924159633,7.470963441215925
2023-01-01 02:00:00,7.659969709057025,poor,60.279378043953976,20.01323005890172
2023-01-01 03:00:00,6.993292420985183,average,68.74240360285705,9.308865423156014
2023-01-01 04:00:00,4.780093202212183,poor,80.12434348059818,20.115718092459353
2023-01-01 05:00:00,4.779972601681013,average,65.02362854618012,11.80124345936402
2023-01-01 06:00:00,4.290418060840997,average,67.2947482099016,19.839199176595773
2023-01-01 07:00:00,8.330880728874675,poor,64.60626909243341,22.773274734538912
2023-01-01 08:00:00,7.005575058716044,good,54.89316352825782,6.522811128184463
2023-01-01 09:00:00,7.540362888980227,average,65.59981012982351,12.228502506649662
2023-01-01 10:00:00,4.102922471479012,good,50.0,5.960435954776472
2023-01-01 11:00:00,8.849549260809972,poor,84.55673776410984,15.195153201388091
2023-01-01 12:00:00,8.162213204002109,poor,82.66708655873634,29.171251203153176
2023-01-01 13:00:00,5.061695553391381,good,53.593362214408934,9.095644273803012
2023-01-01 14:00:00,4.909124836035503,average,58.02929223646839,19.080789529667946
2023-01-01 15:00:00,4.917022549267169,poor,83.5945441017245,28.8632765226399
2023-01-01 16:00:00,5.521211214797688,good,50.0,9.993503004722001
2023-01-01 17:00:00,6.623782158161189,average,63.3576560102981,13.258179509299932
2023-01-01 18:00:00,6.159725093210579,poor,72.6201423930092,23.233987867490065
2023-01-01 19:00:00,5.456145700990209,good,50.0,6.628597876346657
2023-01-01 20:00:00,7.059264473611897,average,62.902263463952494,10.977181431638215
2023-01-01 21:00:00,4.697469303260209,good,50.0,9.15814348190744
2023-01-01 22:00:00,5.4607232426760905,poor,64.83951129030375,25.906967953228914
2023-01-01 23:00:00,5.831809216468459,poor,77.29564683441367,15.010752880598696
2023-01-02 00:00:00,6.28034992108518,poor,68.34436066004439,29.05280145136523
2023-01-02 01:00:00,7.925879806965068,average,71.97801141426065,9.692669420085021
2023-01-02 02:00:00,4.998368910791799,poor,68.47699497347104,18.503706513335388
2023-01-02 03:00:00,6.571172192068058,poor,66.4701205448062,18.952101685407722
2023-01-02 04:00:00,6.962072844310212,good,56.00284598615472,2.994231248031066
2023-01-02 05:00:00,4.232252063599988,poor,85.65071249590723,16.845781853854874
2023-01-02 06:00:00,7.037724259507192,good,50.0,2.717175988981797
2023-01-02 07:00:00,4.8526206184364575,average,73.56498217693039,11.965253748232126
2023-01-02 08:00:00,4.325257964926397,good,57.14408250165287,3.783156071652595
2023-01-02 09:00:00,8.744427686266667,good,58.46552803631572,0.8839696714675838
2023-01-02 10:00:00,8.828160165372797,good,55.882207776386124,3.4222552477890456
2023-01-02 11:00:00,8.041986740582306,average,63.5791355382304,11.39477440986052
2023-01-02 12:00:00,5.523068845866853,good,50.8620488967564,6.296835952592029
2023-01-02 13:00:00,4.48836057003192,average,64.55532797769251,9.747031760922479
2023-01-02 14:00:00,7.421165132560784,good,50.0,1.6653851349727
2023-01-02 15:00:00,6.200762468698007,good,50.0,9.861767972836947
2023-01-02 16:00:00,4.610191174223894,average,64.70023633081898,5.192324742659087
2023-01-02 17:00:00,6.475884550556351,average,65.40615914365877,16.93316587889972
2023-01-02 18:00:00,4.171942605576092,good,50.0,0.7006869572118946
2023-01-02 19:00:00,8.546602010393912,average,50.0,6.963217078303639
2023-01-02 20:00:00,5.293899908000085,poor,67.21296929578372,18.802406298857854
2023-01-02 21:00:00,7.31261142176991,average,66.4789858459563,18.987559296460738
2023-01-02 22:00:00,5.558555380447055,good,55.10396853837704,9.287634212054924
2023-01-02 23:00:00,6.600340105889054,good,51.35998529385433,4.9674342800598446
2023-01-03 00:00:00,6.733551396716399,poor,68.408516104224,20.316359879810793
2023-01-03 01:00:00,4.924272277627635,good,61.87438209574093,4.458866198598078
2023-01-03 02:00:00,8.847923138822793,poor,91.39849676628741,21.177784247167455
2023-01-03 03:00:00,7.875664116805573,average,56.67233338636747,19.486556658264305
2023-01-03 04:00:00,8.697494707820946,poor,81.25704001225168,21.774584932782567
2023-01-03 05:00:00,8.474136752138243,average,63.70832249640905,17.16656849457977
2023-01-03 06:00:00,6.989499894055426,poor,68.7611764302269,29.16142178895547
2023-01-03 07:00:00,8.609371175115584,good,63.1233922923478,0.7069660818436618
2023-01-03 08:00:00,4.442462510259597,average,71.27946337820993,15.141395512468652
2023-01-03 09:00:00,4.979914312095726,average,73.92412528895106,11.075016478813225
2023-01-03 10:00:00,4.22613644455269,average,69.56065393937654,18.9731661065978
2023-01-03 11:00:00,5.626651653816322,average,57.036200307026284,6.3351460234401324
2023-01-03 12:00:00,5.94338644844741,poor,73.56725371987075,18.093040738526682
2023-01-03 13:00:00,5.356745158869479,poor,78.16655824876739,28.148407361830763
2023-01-03 14:00:00,8.143687545759647,average,69.19156072693337,18.561704907192578
2023-01-03 15:00:00,5.7837666334679465,average,69.67838342102657,7.3479382012361185
2023-01-03 16:00:00,5.404672548436904,average,59.86078340855053,10.499565501446847
2023-01-03 17:00:00,6.713480415791242,average,65.57396889489492,14.286821000700444
2023-01-03 18:00:00,4.704621124873813,good,52.86821201897229,6.043044198214789
2023-01-03 19:00:00,8.010984903770199,good,60.74222854598378,6.3001868061882735
2023-01-03 20:00:00,4.372753218398854,good,55.56635205268882,4.173829418004733
2023-01-03 21:00:00,8.934434683002586,good,50.0,1.4431204368748152
2023-01-03 22:00:00,7.861223846483287,good,59.596144672876015,0.9355940691233555
2023-01-03 23:00:00,4.993578407670862,good,51.65927957230503,0.166715505996331
2023-01-04 00:00:00,4.027610585618012,good,64.36648888108773,8.735342642452146
2023-01-04 01:00:00,8.07730714227417,good,60.40024032857324,2.3647491223869457
2023-01-04 02:00:00,7.534286719238086,poor,68.32541563606735,27.482436805936775
2023-01-04 03:00:00,7.645035840204937,average,69.88532290777319,11.732770484780044
2023-01-04 04:00:00,7.856351733429729,good,55.339277552637014,3.2001611308739175
2023-01-04 05:00:00,4.3702232586704515,average,61.643549228205295,6.076030156211374
2023-01-04 06:00:00,5.792328642721364,good,57.42366408647237,1.625110652974563
2023-01-04 07:00:00,4.579345297625649,poor,69.92571321848477,25.469857072466887
2023-01-04 08:00:00,8.315517129377968,average,66.38104585941845,18.626151609028543
2023-01-04 09:00:00,7.11649063413779,good,60.14980408790581,8.637896229650032
2023-01-04 10:00:00,5.654490124263246,average,76.89970162203467,5.291018684273231
2023-01-04 11:00:00,4.317791751430118,poor,77.13454717036322,21.316783566511226
2023-01-04 12:00:00,5.554911608578311,poor,72.2870217658397,21.157841765271417
2023-01-04 13:00:00,5.625916610133736,average,71.58917406537239,9.127853176602136
2023-01-04 14:00:00,7.64803089169032,average,57.772332675307226,18.64380042580666
2023-01-04 15:00:00,7.187787356776066,good,50.0,5.8660173740456045
2023-01-04 16:00:00,8.436063712881634,poor,71.02454379905618,15.829985807450191
2023-01-04 17:00:00,6.361074625809747,good,62.061102777077146,5.180153489085198
2023-01-04 18:00:00,4.597971229691509,poor,67.08033765958389,15.138013464380691
2023-01-04 19:00:00,7.566223936114975,average,60.43537777984857,6.165686275875882
2023-01-04 20:00:00,7.803925243084487,average,57.37256873860328,12.985403522919723
2023-01-04 21:00:00,6.806385987847481,average,59.50666664310607,9.550464233212557
2023-01-04 22:00:00,7.854835899772805,good,54.06427867497726,7.322192063122222
2023-01-04 23:00:00,6.468977981821954,good,59.928649978399314,2.330189643968348
2023-01-05 00:00:00,6.61366414690997,good,60.936930257823754,8.131420044817254
2023-01-05 01:00:00,6.137705091792748,good,67.94781821009308,5.884312404534523
2023-01-05 02:00:00,4.127095633720476,average,58.645706738971555,12.546089004074137
2023-01-05 03:00:00,4.539457134966522,good,56.62898158291083,2.367204758538329
2023-01-05 04:00:00,4.157145928433671,good,55.97192150788668,6.28030464569537
2023-01-05 05:00:00,7.182052056318902,poor,68.39477053758286,28.381115266404308
2023-01-05 06:00:00,5.571779905381634,poor,76.19490785816951,23.032828741289453
2023-01-05 07:00:00,6.542853455823514,poor,77.91312236843729,23.15393362366938
2023-01-05 08:00:00,8.537832369630465,poor,75.05742773526353,24.806668844342347
2023-01-05 09:00:00,5.246461145744375,good,61.587987678039795,6.692682917508349
2023-01-05 10:00:00,6.051914615178148,good,50.0,4.480854872830765
2023-01-05 11:00:00,7.777755692715243,average,68.87275853989348,8.983813974610399
2023-01-05 12:00:00,5.143990827458112,average,56.77083776062604,16.508500912388342
2023-01-05 13:00:00,4.384899549143965,good,54.40965736504461,6.268026300648439
2023-01-05 14:00:00,5.44875726456884,poor,77.98678847769119,23.244334516590524
2023-01-05 15:00:00,4.8061064362700225,good,51.96089006452784,9.956451766743493
2023-01-05 16:00:00,8.648488261712865,good,61.484972732805545,4.801835152618878
2023-01-05 17:00:00,8.040601897822086,average,55.43003535477828,18.97597137130737
2023-01-05 18:00:00,7.167018782552118,average,70.93721948866667,8.103078131334318
2023-01-05 19:00:00,8.357302950938589,average,56.37233679662044,10.373285618646092
2023-01-05 20:00:00,8.018360384495573,good,59.20310013252276,8.008180998597503
2023-01-05 21:00:00,4.932850294430179,poor,77.70949854337351,21.002329092980986
2023-01-05 22:00:00,8.46279499244989,good,53.805339504151526,7.186992659727959
2023-01-05 23:00:00,6.696711209578254,good,53.16587794092656,5.862354987807617
2023-01-06 00:00:00,8.037200775820313,poor,65.85584550341017,27.02463884747051
2023-01-06 01:00:00,8.480456499617466,poor,81.56126549404388,21.623010155683453
2023-01-06 02:00:00,5.590017374859319,poor,74.48249115973985,22.359203638472987
2023-01-06 03:00:00,4.550259622638384,poor,75.58299278412413,27.731513779219714
2023-01-06 04:00:00,5.139675812709708,average,67.44755033109786,17.100617116175922
2023-01-06 05:00:00,6.135538943131282,average,54.04638060046561,5.054844670169739
2023-01-06 06:00:00,8.090073829612464,good,59.9915544907398,9.522640145333723
2023-01-06 07:00:00,8.303652916281717,average,63.15586248742426,11.326613629041889
2023-01-06 08:00:00,4.034760652655954,good,57.018650451683044,6.315443786761604
2023-01-06 09:00:00,6.553736512887829,good,54.87902196804542,5.429404444893278
2023-01-06 10:00:00,6.0870550157438945,average,62.693865495570364,5.566767598935195
2023-01-06 11:00:00,5.110539052353651,average,70.12309493001807,14.650545876046408
2023-01-06 12:00:00,4.599326836668414,good,50.0,0.9914611227762393
2023-01-06 13:00:00,5.68807585701814,good,60.93839694230782,6.229540441833818
2023-01-06 14:00:00,8.714548519562596,average,68.28487312865968,8.464689657920955
2023-01-06 15:00:00,5.616014660103776,good,56.0057982793642,7.779849715709368
2023-01-06 16:00:00,6.59395310871683,poor,85.20312590399212,20.921629751575242
2023-01-06 17:00:00,7.515094794475889,average,69.28728155809522,12.24599367789954
2023-01-06 18:00:00,5.81814801189647,average,57.88321809996452,11.241060056130292
2023-01-06 19:00:00,8.858910413604804,average,63.29143668428059,19.667805402526724
2023-01-06 20:00:00,8.812236474710556,poor,84.74555769403405,23.062406305098516
2023-01-06 21:00:00,5.258911479126821,good,50.0,4.189236247929187
2023-01-06 22:00:00,6.4862425294619275,average,67.33701976597975,9.378007655545996
2023-01-06 23:00:00,5.504391549083849,average,75.01956747281828,7.5913597742163095
2023-01-07 00:00:00,5.424202471887338,good,50.0,9.845758963761131
2023-01-07 01:00:00,4.184434736772664,poor,77.66086008259359,16.81897340038705
2023-01-07 02:00:00,7.047821669899484,average,69.35448993214234,14.230217609428614
2023-01-07 03:00:00,6.5133951161443076,average,74.30253323674786,11.179198229183955
2023-01-07 04:00:00,4.257393756249947,poor,83.52137572571509,24.7175555791234
2023-01-07 05:00:00,5.393232321183057,poor,86.62093396388943,25.681079883718958
2023-01-07 06:00:00,8.541329429833269,average,79.08589311990536,8.154142668527921
2023-01-07 07:00:00,5.197809453334862,poor,68.30463436962977,16.193822210580638
2023-01-07 08:00:00,4.7244743604561155,average,66.7451601694921,14.233289347897687
2023-01-07 09:00:00,6.447263801387815,average,72.31561931859328,5.593362598439197
2023-01-07 10:00:00,8.928252270553003,average,66.01421483167823,11.045581368606982
2023-01-07 11:00:00,5.210276357557502,average,65.1673213029947,14.73730947246309
2023-01-07 12:00:00,7.360677737029393,good,54.33683126808713,6.144994602551925
2023-01-07 13:00:00,7.808098076643588,poor,75.31557638592592,17.53250409978855
2023-01-07 14:00:00,5.188187719961999,poor,63.51272380905178,27.327021888813007
2023-01-07 15:00:00,7.641081743059297,good,54.39809418023201,3.309147657801952
2023-01-07 16:00:00,5.838915663596266,poor,77.24807400225446,23.950844851593256
2023-01-07 17:00:00,7.161529152967898,good,59.23710838575211,9.880139620654216
2023-01-07 18:00:00,7.167648553804474,good,52.32335907023039,3.893897796668735
2023-01-07 19:00:00,6.678873420373792,average,50.29981444643863,12.127562990339424
2023-01-07 20:00:00,4.451448850272041,good,56.65990165284507,6.847251638810046
2023-01-07 21:00:00,8.17651247794619,poor,93.46333000492888,23.7789131326477
2023-01-07 22:00:00,5.603900324858679,poor,73.54840744601987,20.39008485773681
2023-01-07 23:00:00,4.932592551999271,average,65.86483387168907,9.65051036018675
2023-01-08 00:00:00,4.20387570777382,good,57.565528990880416,4.111272782593792
2023-01-08 01:00:00,6.954464715941209,good,53.702266612080415,2.343250656505268
2023-01-08 02:00:00,7.387821809211412,average,57.58764689060379,15.095122494330155
2023-01-08 03:00:00,4.082939144639281,poor,60.708996277162505,17.45880393070417
2023-01-08 04:00:00,6.560465291496405,average,78.73811033371557,13.494843202497982
2023-01-08 05:00:00,5.1324788759896895,good,60.42991058087516,3.4157038703156797
2023-01-08 06:00:00,7.225863952047249,average,72.0802412478585,7.047545181253732
2023-01-08 07:00:00,4.871832145024957,average,74.39033140871616,8.43006127076905
2023-01-08 08:00:00,7.45468869051233,average,59.802610372231314,18.237426576022045
2023-01-08 09:00:00,5.933676731502687,good,64.19091838397561,8.254398957486288
2023-01-08 10:00:00,8.683649943683672,average,73.61612159208315,16.29090706738964
2023-01-08 11:00:00,4.687604720729967,average,76.79509995095957,12.106599387716344
2023-01-08 12:00:00,5.705331755251293,poor,60.0,24.04520795046882
2023-01-08 13:00:00,4.567367606202946,good,53.48410108582862,6.162907483541447
2023-01-08 14:00:00,8.623468091392814,average,78.90942778189608,17.29097346449739
2023-01-08 15:00:00,8.386696766904905,poor,74.02354294302978,22.947135856050814
2023-01-08 16:00:00,5.289708138575778,good,50.0,3.0891772284376606
2023-01-08 17:00:00,7.299920230170895,poor,73.72510214283275,27.473608888656788
2023-01-08 18:00:00,8.08611100100608,average,75.87912294500342,15.539443646568737
2023-01-08 19:00:00,6.776004057997312,good,63.553066862909624,8.109351926726106
2023-01-08 20:00:00,6.648252891780032,good,54.47775390731264,4.003566268398306
2023-01-08 21:00:00,5.209261454502259,average,68.24301971082674,10.995793264616413
2023-01-08 22:00:00,4.465513839029496,good,55.35026081556591,4.0646271795207225
2023-01-08 23:00:00,8.486078789766633,average,68.90697660162954,14.631653525382816
2023-01-09 00:00:00,8.502090285816653,good,50.36323432904713,4.838772645642591
2023-01-09 01:00:00,7.16550728636634,average,62.92374778651141,6.896963681053567
2023-01-09 02:00:00,5.6951489552435035,good,59.87598814891215,9.077612436501786
2023-01-09 03:00:00,5.746047873063304,poor,76.42781331108311,15.49199811415344
2023-01-09 04:00:00,7.629778394351197,poor,86.43086166250853,21.305030837932485
2023-01-09 05:00:00,8.485551299762886,poor,63.20694294366315,28.426500435993667
2023-01-09 06:00:00,8.435432121325587,average,77.28832988820844,7.983946696925575
2023-01-09 07:00:00,7.899377729288119,good,58.38937659765454,2.0091133968552244
2023-01-09 08:00:00,7.210158230771439,average,61.73936101617286,5.9102460342602345
2023-01-09 09:00:00,4.4206998249752445,good,50.0,8.501327346850369
2023-01-09 10:00:00,4.808143570473069,good,57.556012997624904,2.8915033445415093
2023-01-09 11:00:00,8.492770942635396,good,61.86829272581479,9.522600783623238
2023-01-09 12:00:00,7.03214529829795,average,66.36517488819689,16.230082628764862
2023-01-09 13:00:00,4.045985258083149,average,59.69202551778687,17.418874318179686
2023-01-09 14:00:00,4.50735771433016,average,57.08569265543731,16.56864611049767
2023-01-09 15:00:00,7.317508845540279,average,69.35897856730188,5.582194217177031
2023-01-09 16:00:00,4.025307919231094,good,63.199822646856965,6.4515008330090335
2023-01-09 17:00:00,4.804040257087493,poor,74.91126396841118,18.16510037561289
2023-01-09 18:00:00,6.743668946832931,average,71.2674880153382,19.022330606657018
2023-01-09 19:00:00,7.459475988463466,average,60.57895589584268,17.524351625781755
2023-01-09 20:00:00,7.259806297513003,good,53.76968755935026,1.4306195272340239
2023-01-09 21:00:00,5.1213465473027995,average,70.74240808828719,9.548122906395124
2023-01-09 22:00:00,7.56089610673768,average,64.76471204707401,11.441718456180539
2023-01-09 23:00:00,5.186245437484001,good,54.120570937838316,9.322668839209722
2023-01-10 00:00:00,5.626998490796339,good,55.61602403392243,6.659471660804642
2023-01-10 01:00:00,7.73245702559012,average,63.62473391600332,5.466021953666845
2023-01-10 02:00:00,7.2481644952360735,average,63.55898398383762,19.20354349190775
2023-01-10 03:00:00,8.24611705247089,good,63.47525520215376,5.4201529847972605
2023-01-10 04:00:00,7.288064461501717,poor,68.7439720599117,19.11017670578321
2023-01-10 05:00:00,6.841543016677358,good,55.97303727618621,4.9896794422079305
2023-01-10 06:00:00,4.468373839140463,average,61.561923770005265,18.92761627915668
2023-01-10 07:00:00,5.838579015297167,poor,78.77233904334565,19.097394305549177
2023-01-10 08:00:00,5.326011838408627,average,63.206741732532336,15.005552856880309
2023-01-10 09:00:00,5.219948216895418,average,63.30951787890455,18.673653308945788
2023-01-10 10:00:00,8.865052773762228,good,52.8534888774137,4.852906340617153
2023-01-10 11:00:00,5.965488623333802,good,51.53789510063072,1.4938163622643208
2023-01-10 12:00:00,8.460232775885567,poor,73.79743631782502,25.804018859210935
2023-01-10 13:00:00,7.1556931299863145,average,60.45164341206213,7.80158792346694
2023-01-10 14:00:00,7.974056517708242,poor,66.65937844263539,16.436312979950365
2023-01-10 15:00:00,6.513185465525961,good,58.80027981844801,6.131162390692415
2023-01-10 16:00:00,6.884519423131795,good,55.41219876467252,1.5720388355695425
2023-01-10 17:00:00,6.462588469094319,good,50.0,9.623380574812067
2023-01-10 18:00:00,4.976214938990222,average,59.6100275366178,13.003316503303692
2023-01-10 19:00:00,7.612260576307527,good,51.239217972047086,0.72898451871655
2023-01-10 20:00:00,5.403861812204279,poor,76.44850194216866,25.402647555694806
2023-01-10 21:00:00,4.121579832157269,average,66.2699863407978,8.123477129123216
2023-01-10 22:00:00,7.227361479535839,poor,79.68932640314226,27.59112056413908
2023-01-10 23:00:00,4.8855533970352445,good,55.575130395737084,8.178220735661906
2023-01-11 00:00:00,8.70229292176457,poor,77.05759176284742,24.550393715369125
2023-01-11 01:00:00,8.769642885012937,average,58.51311183806882,7.872819830752222
2023-01-11 02:00:00,8.574321951102242,average,64.77992580737657,12.563951911895472
2023-01-11 03:00:00,5.850793501277222,poor,72.39511158281198,26.58360413839915
2023-01-11 04:00:00,4.077283082644337,average,69.0118946926884,8.620245557562498
2023-01-11 05:00:00,8.641592812938626,average,52.49893455646122,6.17804364189198
2023-01-11 06:00:00,6.140920741586571,good,60.38003569299299,5.462476001308509
2023-01-11 07:00:00,8.833274095218348,good,55.106558243359714,0.8947312281038722
2023-01-11 08:00:00,8.818099885446264,poor,63.89165956935031,22.468037707714785
2023-01-11 09:00:00,8.265047277336802,average,80.0,17.251900543615214
2023-01-11 10:00:00,5.4722444603479286,average,67.44860017197536,19.393882214138507
2023-01-11 11:00:00,5.9254886430096265,average,57.97161782210593,16.889937151274253
2023-01-11 12:00:00,8.255683357584285,good,50.0,0.9072088274783086
2023-01-11 13:00:00,5.584610025781388,good,50.0,2.6269547700193527
2023-01-11 14:00:00,4.847463733430462,average,64.43580175492268,5.6010362952240005
2023-01-11 15:00:00,6.784006312291751,average,59.16860760099469,19.764829682210618
2023-01-11 16:00:00,8.680773870803904,good,50.0,7.199968026274463
2023-01-11 17:00:00,7.480148983374865,average,61.153218077831255,7.2834232087530015
2023-01-11 18:00:00,6.850305850446825,good,52.5846947415828,6.231378537478253
2023-01-11 19:00:00,4.485882468853843,average,60.55109511016918,9.26432433643189
2023-01-11 20:00:00,7.075036133495849,good,63.06110314127712,7.88913962965867
2023-01-11 21:00:00,8.950269250521316,average,62.751300637174616,13.801518617668869
2023-01-11 22:00:00,4.7004200761826205,good,53.65734676047084,6.392018293899598
2023-01-11 23:00:00,6.591648261818683,average,70.69906233482787,17.54177923317564
2023-01-12 00:00:00,8.386865359639778,good,50.0,7.136602831121538
2023-01-12 01:00:00,7.703843088771022,good,51.4042334037879,8.736780345607487
2023-01-12 02:00:00,7.48507870497634,good,53.94434880586153,1.2680179912676004
2023-01-12 03:00:00,7.512420419935546,average,51.50629194458073,14.954370811509495
2023-01-12 04:00:00,5.797455756098776,average,63.047816240944705,16.75957775758384
2023-01-12 05:00:00,5.467959221322467,good,55.38425941479384,1.2711049086702397
2023-01-12 06:00:00,8.046805777392567,average,64.65771971568127,14.69070416144894
2023-01-12 07:00:00,8.050566973395904,poor,76.46000824479371,25.575949263080688
2023-01-12 08:00:00,8.335361592900519,average,64.63316884595771,18.98972150813718
2023-01-12 09:00:00,8.566202762782357,good,57.209703247847045,7.588681344179497
2023-01-12 10:00:00,6.556711994304689,average,73.72824200874304,15.942821329646577
2023-01-12 11:00:00,6.507581473435998,good,62.054661898731354,5.061398526946443
2023-01-12 12:00:00,7.991475894833876,good,54.50705933857869,8.146250560259173
2023-01-12 13:00:00,7.249819653888826,poor,78.84726474199117,17.079787936699557
2023-01-12 14:00:00,7.509834386288517,good,58.541072116282784,5.1351786674177005
2023-01-12 15:00:00,7.978963347180505,average,58.52873808309312,12.908827249260156
2023-01-12 16:00:00,8.450026709087831,average,75.94022137955739,18.948057234408186
2023-01-12 17:00:00,5.689975784257679,average,63.08204842719487,12.256953448741946
2023-01-12 18:00:00,5.87791476319972,average,63.29631214437487,12.35673645103925
2023-01-12 19:00:00,4.469909699204345,good,56.80751762603051,4.929827104580891
2023-01-12 20:00:00,6.89140070498087,good,50.0,4.719025105645231
2023-01-12 21:00:00,4.17971136898371,average,76.38171240753445,8.704481187005937
2023-01-12 22:00:00,6.327990090662301,good,54.8338500467777,8.467850018697455
2023-01-12 23:00:00,6.713223173537883,good,53.9594157136373,8.31941541688052
2023-01-13 00:00:00,5.432706260641422,good,54.357312442805345,4.035199924402112
2023-01-13 01:00:00,6.954166302845054,good,50.0,3.33299859870525
2023-01-13 02:00:00,4.152501249695247,good,52.25637546129519,4.919280240391293
2023-01-13 03:00:00,4.186740943746072,good,55.46422450570557,5.72772509737109
2023-01-13 04:00:00,8.113002803298292,average,66.5174289463384,6.965219279756984
2023-01-13 05:00:00,5.800953207056315,average,57.31888230657009,14.014357924962459
2023-01-13 06:00:00,4.635302563259424,poor,83.72689336482958,22.216885377252684
2023-01-13 07:00:00,6.611216300274021,good,50.66912575892749,3.340455484199596
2023-01-13 08:00:00,7.849967765493054,good,59.84728600263368,1.0682099296399061
2023-01-13 09:00:00,5.079105137484216,good,57.13597180935842,2.388451604036069
2023-01-13 10:00:00,7.114452379095001,average,61.16211843552446,10.475713500389023
2023-01-13 11:00:00,4.42673732496884,average,70.83333738246215,11.486557500747544
2023-01-13 12:00:00,4.258408605843038,good,50.0,1.6885928936703531
2023-01-13 13:00:00,6.65677315784074,poor,66.14274546558039,25.28814412629697
2023-01-13 14:00:00,6.7031756080505325,good,60.00291159021489,3.0708774336024867
2023-01-13 15:00:00,7.187149507491033,average,61.40762544840623,7.739376953796517
2023-01-13 16:00:00,7.6304566686133075,average,59.97456776476679,13.60962762547613
2023-01-13 17:00:00,8.879260397312674,poor,79.73079393406721,23.777921780892807
2023-01-13 18:00:00,6.581501741505976,average,73.25807645852497,13.350638848292808
2023-01-13 19:00:00,5.61478236470623,poor,73.43687719058381,22.290863128540213
2023-01-13 20:00:00,7.975930973843518,good,54.32845629264726,4.473027562526006
2023-01-13 21:00:00,5.3541612563103715,poor,68.6852919542426,17.127665964254778
2023-01-13 22:00:00,6.1948571035281805,good,58.967443602761065,3.7734847723031164
2023-01-13 23:00:00,4.39228190671133,poor,73.27512337145582,16.582704696018016
2023-01-14 00:00:00,4.126753717077287,average,67.86025115391237,14.721531908916072
2023-01-14 01:00:00,8.813242073389626,poor,69.17230702655726,24.910910896637272
2023-01-14 02:00:00,8.17990060256103,average,59.129899410869385,14.809913321303725
2023-01-14 03:00:00,7.47987103046849,average,58.7932335440158,14.27877723608173
2023-01-14 04:00:00,6.044764722071349,average,68.74372135442137,9.647706751299198
2023-01-14 05:00:00,4.866471600354229,average,73.60286351742343,6.286914273492342
2023-01-14 06:00:00,4.78218521335543,good,50.0,4.18932977983946
2023-01-14 07:00:00,5.251214490822976,good,53.92539484855632,7.758650652027868
2023-01-14 08:00:00,6.746133323530602,good,53.45982857907129,3.387329557744314
2023-01-14 09:00:00,7.572979613500312,good,58.8983026613467,5.637371014453994
2023-01-14 10:00:00,7.300986883588656,poor,69.08502874032772,22.984565457722493
2023-01-14 11:00:00,5.399669484729714,good,61.97841905394978,7.419953911261723
2023-01-14 12:00:00,8.774326403315971,poor,82.60012662935716,16.245581367152795
2023-01-14 13:00:00,7.689484583478842,good,53.95389063127736,8.525426448755004
2023-01-14 14:00:00,6.771770262557004,good,50.0,1.9819638642166815
2023-01-14 15:00:00,7.058603731171761,average,63.68869687115538,18.346234854430698
2023-01-14 16:00:00,6.09800031213895,average,50.0,5.137483252757248
2023-01-14 17:00:00,5.238654947505787,average,50.155098931554534,8.02098654190831
2023-01-14 18:00:00,5.779863393256308,average,60.75194375499977,19.38536263959449
2023-01-14 19:00:00,7.789230552321845,average,68.20380610237487,14.201027697832567
2023-01-14 20:00:00,4.071967443148779,good,54.867971215205365,1.2663712551837436
2023-01-14 21:00:00,4.580363202534581,poor,79.29032727613752,24.06571078624212
2023-01-14 22:00:00,4.230013210108764,poor,60.0,17.978142883023025
2023-01-14 23:00:00,4.203644011594851,average,74.71836444745914,8.671176194553908
2023-01-15 00:00:00,8.277302920055035,good,52.63080326464542,1.9598018470176193
2023-01-15 01:00:00,7.518289296900118,average,67.6809228931865,11.238704814462643
2023-01-15 02:00:00,6.370869145436626,good,57.7314212400185,9.764896611478871
2023-01-15 03:00:00,4.489170803255007,good,55.03211134905469,3.7625932933042194
2023-01-15 04:00:00,6.458079375584162,good,52.81807054736716,9.232860210139357
2023-01-15 05:00:00,6.367358853902829,average,66.50777553819401,7.869160565560955
2023-01-15 06:00:00,4.866009349550076,poor,71.85557794350879,21.12356279019448
2023-01-15 07:00:00,6.169258246189865,average,80.0,18.62125530589782
2023-01-15 08:00:00,5.992523671986867,average,50.41120942350988,17.065616212065507
2023-01-15 09:00:00,7.079250490261082,average,77.07287654832776,5.987447650447307
2023-01-15 10:00:00,7.175468254338218,good,57.8045972397062,2.650472874092833
2023-01-15 11:00:00,4.226520048860222,good,53.5225984098542,6.720595026617354
2023-01-15 12:00:00,5.873063073132356,poor,70.55105002591375,19.349810889662127
2023-01-15 13:00:00,7.129299578571182,good,53.33090255121995,1.136460386967194
2023-01-15 14:00:00,6.515681292900439,poor,88.35255620661064,16.769080123113504
2023-01-15 15:00:00,8.28244920594161,average,67.30656114901106,18.191940402678384
2023-01-15 16:00:00,7.293468158094726,average,54.37978412329825,11.150356801126145
2023-01-15 17:00:00,4.8146721354071484,average,70.25405417265236,12.229923765993007
2023-01-15 18:00:00,4.352843737002149,average,62.08663916580322,6.056910165004375
2023-01-15 19:00:00,7.212096391031578,poor,63.74547992401969,29.00423066752641
2023-01-15 20:00:00,4.132556552708109,poor,79.68723360931719,28.01031958673037
2023-01-15 21:00:00,6.928877906367316,average,73.800044518038,19.176836731173303
2023-01-15 22:00:00,8.701151207124788,good,63.66257499742546,3.759712219291391
2023-01-15 23:00:00,6.877370889379395,average,67.50917532746735,11.913031029044781
2023-01-16 00:00:00,5.940849631032609,poor,83.07577430876775,29.563570671748042
2023-01-16 01:00:00,7.216441092211766,good,57.50422237472228,0.7748362655548269
2023-01-16 02:00:00,6.291264452457583,average,69.79855417153144,12.296635807128117
2023-01-16 03:00:00,6.728083946579675,average,77.94026183307489,16.078085592138613
2023-01-16 04:00:00,8.707324043882625,average,63.77105238150549,18.00282819540599
2023-01-16 05:00:00,5.930513189003872,good,51.89576200874442,9.331929170490183
2023-01-16 06:00:00,8.805952819119572,average,65.68647277677262,15.035802729754218
2023-01-16 07:00:00,8.526753209780319,poor,74.52467854982005,19.31819255002267
2023-01-16 08:00:00,4.978955673946482,good,50.0,4.663745945045486
2023-01-16 09:00:00,4.346806504375827,good,58.73955128058767,3.616660831950428
2023-01-16 10:00:00,4.503890006887133,poor,72.2285879519448,24.672840651445902
2023-01-16 11:00:00,4.091109128257749,good,56.196234320555746,8.759330221862049
2023-01-16 12:00:00,4.472214803779642,poor,72.89872383747065,29.264120277987516
2023-01-16 13:00:00,7.415033867081784,average,66.76568277498674,15.799393090542193
2023-01-16 14:00:00,4.355943242301145,good,50.0,5.1226056387626056
2023-01-16 15:00:00,5.594878151468807,poor,78.69986899253483,28.81604229449372
2023-01-16 16:00:00,8.224376554847272,average,76.0468264029353,11.645599649527412
2023-01-16 17:00:00,4.116359678679129,average,71.89814779930653,14.267197918839296
2023-01-16 18:00:00,8.072342412944678,good,50.0,5.797714417624796
2023-01-16 19:00:00,5.409273873867,average,61.811223317832905,6.559390638685843
2023-01-16 20:00:00,4.590824138108282,good,52.67344771609973,0.5032293293466394
2023-01-16 21:00:00,7.483685826820754,good,54.470258228479324,0.6290747601802393
2023-01-16 22:00:00,7.144714233899419,poor,75.48068795692132,26.926093217717458
2023-01-16 23:00:00,8.387360067635264,good,50.0,0.3247077169174828
2023-01-17 00:00:00,7.675355219019429,average,60.772135618215394,12.77485884559735
2023-01-17 01:00:00,8.017404651924242,good,57.33846585882716,7.233303039939631
2023-01-17 02:00:00,5.410172862856532,average,53.52361086232196,9.71651158717108
2023-01-17 03:00:00,4.887197718898614,good,55.489915767354475,8.360789007952809
2023-01-17 04:00:00,7.753073758204292,poor,78.033224949809,29.441772119710983
2023-01-17 05:00:00,8.034173696336321,average,61.73453234540261,11.163993574441374
2023-01-17 06:00:00,8.952525710003368,good,56.34563470622554,2.48976899161365
2023-01-17 07:00:00,6.063088384557132,good,53.284038622512945,3.7230709857304776
2023-01-17 08:00:00,5.860090428963916,good,58.107859449280255,2.546637658899619
2023-01-17 09:00:00,7.882064803709984,average,56.96616027129033,5.779491471967704
2023-01-17 10:00:00,5.704017701265089,good,56.88550196951093,4.074078813546854
2023-01-17 11:00:00,8.653786628017823,poor,78.4254899824846,25.283079308439348
2023-01-17 12:00:00,8.29206375921506,average,63.69172689286611,8.936241225443217
2023-01-17 13:00:00,6.1449701368750915,good,54.743031382057566,1.4218137638735162
2023-01-17 14:00:00,7.754355338957486,average,73.44196161582771,12.245211692659257
2023-01-17 15:00:00,7.772714370423412,average,70.44185146935158,18.30247309203439
2023-01-17 16:00:00,4.5156193441796635,good,50.47133849568691,0.5450927741371958
2023-01-17 17:00:00,8.512764533397833,good,51.731168306755904,8.364397373761234
2023-01-17 18:00:00,6.526261862239286,good,52.02169352978254,5.119386306819278
2023-01-17 19:00:00,8.13228733053871,average,77.23154238540891,12.140850532265926
2023-01-17 20:00:00,5.600248005153059,average,71.52534094982269,19.875292105891035
2023-01-17 21:00:00,8.477616142481002,average,63.34411298946738,16.556567041885053
2023-01-17 22:00:00,5.946008393670816,poor,83.93467020423964,15.604878595814261
2023-01-17 23:00:00,4.054188257401492,poor,76.49132935795237,16.42152706551891
2023-01-18 00:00:00,8.52690988209632,average,59.228400869306284,8.5043714547285
2023-01-18 01:00:00,4.456433383930667,poor,90.12352548124626,17.29414779713139
2023-01-18 02:00:00,5.596568187952075,good,57.60561214189669,1.1633172713326123
2023-01-18 03:00:00,8.750309835254026,good,58.22607792975028,9.701168864184321
2023-01-18 04:00:00,8.753035734687781,good,57.778022330017244,0.21981814809622913
2023-01-18 05:00:00,6.86718944061643,good,55.44790340627625,8.026974053360217
2023-01-18 06:00:00,7.159186060848996,average,67.46753477849816,13.888522741472402
2023-01-18 07:00:00,6.242227609891598,poor,60.0,29.04188357310202
2023-01-18 08:00:00,5.466053858490323,good,54.0254585982366,1.356266160073134
2023-01-18 09:00:00,5.64332272684958,good,60.66885048433532,1.4562864670542341
2023-01-18 10:00:00,7.362592280385192,average,51.61421517206156,13.398357977686782
2023-01-18 11:00:00,7.7618726471884,poor,66.18184207635315,20.92485405823549
2023-01-18 12:00:00,7.957895218629242,good,58.279503882648804,7.827456742513867
2023-01-18 13:00:00,7.9480907139727694,average,78.91093199461565,7.646178656418293
2023-01-18 14:00:00,4.456030515243452,good,54.90645621777051,6.91927363266592
2023-01-18 15:00:00,6.472101523512907,good,53.05740773455557,1.5585153655144346
2023-01-18 16:00:00,4.287793800083222,poor,79.04992791444741,25.159559389472115
2023-01-18 17:00:00,6.747644411618678,poor,86.57844559513445,19.343740570060906
2023-01-18 18:00:00,6.207652506866885,good,51.135611660881956,2.0930607583420855
2023-01-18 19:00:00,8.4385209137915,poor,66.60275600872048,15.988382475479591
2023-01-18 20:00:00,5.754575062760393,average,66.84814056933568,10.535265986167591
2023-01-18 21:00:00,4.585335082138029,poor,88.1249165079063,21.11107907417023
2023-01-18 22:00:00,4.714958410264179,average,70.12744471945862,12.775994399495978
2023-01-18 23:00:00,7.807553158587361,average,67.02106563977516,6.6891384402383105
2023-01-19 00:00:00,7.0910903165813055,average,53.41578794640193,19.00981127768926
2023-01-19 01:00:00,4.505613380613951,average,58.279675933043755,7.75369441032719
2023-01-19 02:00:00,4.420534030574987,good,58.625478934239986,2.5855726364024587
2023-01-19 03:00:00,7.5048456572956,good,57.58089143557479,3.372124904062858
2023-01-19 04:00:00,4.363815031820968,good,51.79259202388524,4.022604136835421
2023-01-19 05:00:00,8.109300296451782,average,80.0,16.919943385968335
2023-01-19 06:00:00,7.531211135782481,good,59.00204762613841,4.965154222306048
2023-01-19 07:00:00,4.406743903209499,average,69.21482824274739,7.561523900050053
2023-01-19 08:00:00,4.42418857042596,poor,60.0,15.237571064173114
2023-01-19 09:00:00,8.933197892505877,good,58.54151923600532,3.5070978799208428
2023-01-19 10:00:00,5.8713539787806015,average,58.33657077984435,7.211808761392024
2023-01-19 11:00:00,5.8532107353344545,average,65.54236362963204,14.17483513469021
2023-01-19 12:00:00,8.063997836287513,poor,60.0,23.442453558219043
2023-01-19 13:00:00,8.736242886919293,good,50.590626743861414,3.665511873792262
2023-01-19 14:00:00,8.930005319114354,average,67.33923492071428,19.065569230690514
2023-01-19 15:00:00,7.766890926294709,poor,77.88518313148636,26.001027740023588
2023-01-19 16:00:00,5.881297927654579,poor,68.09205116028053,28.069154821817357
2023-01-19 17:00:00,4.417503583493344,average,58.97730492454349,8.670733955355514
2023-01-19 18:00:00,7.885734579637184,average,62.10476126604849,6.97347959959032
2023-01-19 19:00:00,6.792021248679025,average,78.21381360138133,9.534150507446729
2023-01-19 20:00:00,6.1211100462348815,poor,64.06513309375339,20.24843195471098
2023-01-19 21:00:00,8.53177192547368,average,55.65162901630076,19.580802119352324
2023-01-19 22:00:00,4.555987411530757,good,55.00602737681112,1.2137192454861967
2023-01-19 23:00:00,6.4631255214542955,poor,69.96092358108952,16.88703504519077
2023-01-20 00:00:00,4.0567682238370955,average,72.57883737720951,19.2114199708969
2023-01-20 01:00:00,6.343303209970632,average,61.70212743727485,11.350370410261789
2023-01-20 02:00:00,4.2815163784091865,good,50.0,5.7856393227935445
2023-01-20 03:00:00,4.594089581340359,average,74.28057653279532,11.635906111222905
2023-01-20 04:00:00,4.587631233885524,good,51.154288251063505,5.540992803958261
2023-01-20 05:00:00,7.246051510580318,average,55.22017270420906,13.158168817416763
2023-01-20 06:00:00,7.730224396327117,good,59.14737420965874,3.7870335558115933
2023-01-20 07:00:00,6.916843825485798,average,72.26865195713522,12.101524003910733
2023-01-20 08:00:00,8.81086274237271,poor,71.15332968390416,25.541074489343803
2023-01-20 09:00:00,5.87435289761852,good,50.0,6.507243843338003
2023-01-20 10:00:00,5.428560431409304,poor,70.85845941704628,24.436763679514
2023-01-20 11:00:00,8.3429956409473,average,68.86218559937645,11.51073302717271
2023-01-20 12:00:00,5.117979192597263,poor,92.35949270464434,25.65259899885241
2023-01-20 13:00:00,8.816112697203057,average,61.757870465402206,18.583732063596983
2023-01-20 14:00:00,4.0607723734490815,average,62.12001375018798,6.796399496482959
2023-01-20 15:00:00,8.849394133538194,average,73.07730513979023,12.978994663291871
2023-01-20 16:00:00,4.215799559752881,poor,69.57085550964717,19.9942537044356
2023-01-20 17:00:00,8.455715568490355,average,62.28035457371894,5.705917968154211
2023-01-20 18:00:00,6.638505545431499,good,64.00255590755427,1.6678733518367417
2023-01-20 19:00:00,8.964823980596503,average,68.14453104899523,17.941561661888386
2023-01-20 20:00:00,4.368982823676994,poor,87.78830489677073,28.698089427212587
2023-01-20 21:00:00,6.769271422006604,average,65.24108708194089,17.18620486435851
2023-01-20 22:00:00,8.846512678095495,average,50.0,17.800936003054126
2023-01-20 23:00:00,6.615489220850744,average,60.39226111366306,18.715106639997252
2023-01-21 00:00:00,7.146993190676312,poor,65.79077010757705,15.160051905092441
2023-01-21 01:00:00,7.478743444923086,good,57.52735079583314,0.18081092205685434
2023-01-21 02:00:00,6.272705323838866,average,65.41288955112718,9.809941321046484
2023-01-21 03:00:00,7.137790400420317,good,68.7983001945554,5.498769211562104
2023-01-21 04:00:00,6.921571559615501,good,56.96207983589383,6.195825928270868
2023-01-21 05:00:00,8.505790052454945,good,52.45518187146251,6.634903451287101
2023-01-21 06:00:00,4.227231901707289,good,54.872128439040026,8.3629131310246
2023-01-21 07:00:00,5.4048159479611515,average,63.55372104212768,11.667199669666866
2023-01-21 08:00:00,8.752057420382794,good,51.52643434455471,1.2048182243846794
2023-01-21 09:00:00,8.451318919454582,average,66.09881072677904,7.856202440373653
2023-01-21 10:00:00,6.278283763928565,good,52.37955801032704,1.5661281489264989
2023-01-21 11:00:00,7.100662989007684,good,55.76177436016861,9.747600813361952
2023-01-21 12:00:00,5.386905914905663,good,50.887900338089,8.42538229398637
2023-01-21 13:00:00,4.940605798618806,good,60.60515333662236,5.008766058895992
2023-01-21 14:00:00,6.318492024699911,average,73.11351845469129,7.872344223621791
2023-01-21 15:00:00,5.766761140130264,average,62.64621682923249,10.793545929486344
2023-01-21 16:00:00,6.91828055925436,average,67.97842953268162,12.272881095741553
2023-01-21 17:00:00,4.388673184824924,average,73.3807284655166,10.324926737209127
2023-01-21 18:00:00,8.871974038330833,good,59.125491323338174,3.5000686847317874
2023-01-21 19:00:00,8.931053722398016,poor,76.4500093008164,16.619436721662534
2023-01-21 20:00:00,7.490808570098726,average,62.98015912887006,14.623695218650914
2023-01-21 21:00:00,6.680481831720602,average,59.513725352129,5.351494330510823
2023-01-21 22:00:00,5.547638081431639,good,50.0,5.908662673951145
2023-01-21 23:00:00,8.068975098534743,good,50.90371070139251,6.527281237772241
2023-01-22 00:00:00,7.4236558627693965,good,52.618895632276704,2.5566622333181446
2023-01-22 01:00:00,4.813084696724457,good,59.371945903563635,3.6456642751986443
2023-01-22 02:00:00,8.554635922469213,average,56.58495331746738,16.375771573848766
2023-01-22 03:00:00,8.112686214615845,average,62.23023501770615,14.090207479041219
2023-01-22 04:00:00,8.74899956645962,average,67.22217282875123,13.554687617397558
2023-01-22 05:00:00,7.6285975419418,average,62.66997716932242,5.803648394111119
2023-01-22 06:00:00,7.0670759796789495,poor,67.39271416250214,28.10333364340633
2023-01-22 07:00:00,6.091215181453094,average,61.29467521286141,14.338240943196707
2023-01-22 08:00:00,8.663642416770067,poor,67.06642669247752,23.816931075995583
2023-01-22 09:00:00,8.330319447502042,good,52.08620671194209,5.688127364338729
2023-01-22 10:00:00,4.226093350530947,good,50.0,8.677231528050925
2023-01-22 11:00:00,4.13183487248626,good,54.32860418906848,4.321162368019293
2023-01-22 12:00:00,5.882316834390248,average,66.57684882073285,19.226377333122393
2023-01-22 13:00:00,8.052766653909163,poor,83.43188616946301,22.6558908202306
2023-01-22 14:00:00,8.936380646574722,good,59.82698742295585,1.4278563666788469
2023-01-22 15:00:00,4.752084455517641,poor,69.36217251511293,25.398143133283014
2023-01-22 16:00:00,6.970653576760675,good,55.44328795480719,9.517024063905371
2023-01-22 17:00:00,5.904454283155108,poor,73.84076336734854,17.84041313687794
2023-01-22 18:00:00,8.849571989073016,good,51.91174052282825,8.680981598670629
2023-01-22 19:00:00,8.210594615678543,good,53.41963571986475,8.812506816818898
2023-01-22 20:00:00,8.19164352355569,average,70.42608845824348,7.377803510411142
2023-01-22 21:00:00,6.343465798974851,good,61.01942218584408,0.8325765805063212
2023-01-22 22:00:00,6.074097511688326,good,54.302768621595,7.245579091588183
2023-01-22 23:00:00,5.367035359653531,good,52.74905367574294,3.1151229901398603
2023-01-23 00:00:00,4.281877483254636,poor,80.06928819819247,26.824128122562442
2023-01-23 01:00:00,8.323611881275266,average,65.98251908893633,11.454746420635864
2023-01-23 02:00:00,8.064505045650389,good,50.0,4.852667423426215
2023-01-23 03:00:00,8.998588366430653,average,57.179694768050986,18.31627287007532
2023-01-23 04:00:00,8.983184185369527,average,63.699079734650766,5.608785682020426
2023-01-23 05:00:00,6.777158528013137,good,50.0,4.431273453229146
2023-01-23 06:00:00,7.8449370759025525,average,64.60388057770074,17.494912078295005
2023-01-23 07:00:00,8.723828649412141,good,54.26109840591264,3.6734051527727996
2023-01-23 08:00:00,8.248236953387057,good,52.733757954884936,5.259465769014594
2023-01-23 09:00:00,5.236740508715988,average,66.00511555553612,5.468203405081214
2023-01-23 10:00:00,6.252720676550467,good,56.6337238230116,3.6176831192256587
2023-01-23 11:00:00,4.645797075757475,average,70.31798606838917,12.89892413884684
2023-01-23 12:00:00,8.770255136293612,average,64.33878899890598,9.54921539098168
2023-01-23 13:00:00,7.030873172254401,good,50.0,2.6943944630365504
2023-01-23 14:00:00,5.143214027517313,average,58.95281927587164,5.99608030190746
2023-01-23 15:00:00,7.358503422029283,good,54.6211785673227,9.334131270234549
2023-01-23 16:00:00,7.090641202289479,poor,79.76392718111406,28.004115642457684
2023-01-23 17:00:00,5.790813590164202,average,69.08481012108321,14.823606847217885
2023-01-23 18:00:00,4.567787960998145,poor,73.94264515484502,27.866483225586634
2023-01-23 19:00:00,7.357865977963998,average,69.05900099706592,19.233743272830726
2023-01-23 20:00:00,6.601538504518967,good,56.882047630487584,6.181029655616968
2023-01-23 21:00:00,7.861591958678197,average,70.98888961314498,12.98130235907017
2023-01-23 22:00:00,6.6008175055599665,poor,85.80858313930511,18.09110669905763
2023-01-23 23:00:00,8.260907501592701,average,72.49427391985431,15.54299666075152
2023-01-24 00:00:00,6.759534193872428,poor,74.49888338138211,15.975011834233328
2023-01-24 01:00:00,6.804689857676932,poor,76.94498766810314,27.37962603634474
2023-01-24 02:00:00,8.383268013291726,good,50.496896326760655,9.507447132126718
2023-01-24 03:00:00,6.017414331061985,good,58.191959628041914,4.08699562270934
2023-01-24 04:00:00,4.670076142253204,average,68.15422389003777,7.837080444901101
2023-01-24 05:00:00,4.143913381566695,average,51.91128562327485,13.60237645836465
2023-01-24 06:00:00,7.775686278368095,poor,84.16824115313652,26.16552306455986
2023-01-24 07:00:00,7.1015477567673235,poor,68.78102812123275,24.2916761072723
2023-01-24 08:00:00,7.520398840496117,good,55.20459587697861,5.380946641211112
2023-01-24 09:00:00,5.064820807544553,good,50.0,5.087059842162667
2023-01-24 10:00:00,4.681857377933849,average,67.72285110546528,10.284633263137675
2023-01-24 11:00:00,4.07272332833941,good,52.43393216764208,7.447507316299222
2023-01-24 12:00:00,5.752937794032984,poor,73.05841001739775,29.114486817641907
2023-01-24 13:00:00,6.949588434273165,average,59.70945949889146,9.02750114296243
2023-01-24 14:00:00,5.9612202254986615,average,72.34094988491594,14.81353669917977
2023-01-24 15:00:00,6.1873746101186455,good,54.04486118699916,2.862798621119409
2023-01-24 16:00:00,8.520793472468743,average,61.61506961307424,19.160619174213913
2023-01-24 17:00:00,5.741277335116502,average,60.71483157991626,10.944158937375509
2023-01-24 18:00:00,6.569947445799054,average,68.43845365788397,15.407950134925917
2023-01-24 19:00:00,7.918265063705715,good,53.685545853958665,8.245170697999292
2023-01-24 20:00:00,5.982713911606351,average,64.02421959535737,12.688643238863175
2023-01-24 21:00:00,7.110433501139367,poor,66.2358448892355,26.294792895587776
2023-01-24 22:00:00,8.311818543733725,good,50.0,2.736663849214577
2023-01-24 23:00:00,8.747603118288211,good,60.57160847334436,9.80005463196817
2023-01-25 00:00:00,4.7353674046451895,good,58.57690657720622,5.962585752327021
2023-01-25 01:00:00,8.632938125807472,average,62.11954798806474,19.109599987791707
2023-01-25 02:00:00,6.460581465397691,average,64.37536092044986,9.939819162237564
2023-01-25 03:00:00,5.291221941494792,average,64.73700548514363,5.633007028719477
2023-01-25 04:00:00,6.295678781191306,good,58.3643061798341,0.3752865753180312
2023-01-25 05:00:00,8.900162876427386,good,57.95907066870689,5.69230212091448
2023-01-25 06:00:00,6.463090469964348,average,65.28927942589434,7.526608266978728
2023-01-25 07:00:00,5.6437580514375405,average,68.10101491313162,16.406969094141
2023-01-25 08:00:00,7.167004271583629,poor,74.55263641182229,19.228943276273412
2023-01-25 09:00:00,5.200728093890966,good,62.74510075747594,4.582048052522159
2023-01-25 10:00:00,4.37931664054332,average,68.3143032932466,7.956590582354783
2023-01-25 11:00:00,4.644398609553246,average,63.12651236370844,18.13044859851141
2023-01-25 12:00:00,4.640229194788862,average,70.92739542651546,15.56740454617527
2023-01-25 13:00:00,4.759513467561471,average,50.10940805753953,11.807698457103672
2023-01-25 14:00:00,4.694135863247051,average,64.30633989831112,13.109164914870936
2023-01-25 15:00:00,7.204373724016073,poor,77.49322284803823,21.80055908406236
2023-01-25 16:00:00,4.909400421995724,good,53.883988726825976,4.554655720063617
2023-01-25 17:00:00,5.728336416619316,good,62.44931719301041,5.821448028147421
2023-01-25 18:00:00,8.483942049530059,average,60.04661873624582,12.398712395389786
2023-01-25 19:00:00,6.3698082013143615,average,60.014782950767696,13.686947060525737
2023-01-25 20:00:00,7.337788692605136,good,54.48372619925476,5.037194345899563
2023-01-25 21:00:00,4.861599356008149,good,50.0,8.30202884345762
2023-01-25 22:00:00,4.961445094043354,good,54.12072797783964,6.640122280676023
2023-01-25 23:00:00,4.204343081332395,poor,84.02224200507119,21.555505881746562
2023-01-26 00:00:00,4.844675315360822,good,55.10443244147981,9.355230227588573
2023-01-26 01:00:00,5.392951695159793,good,56.153504528593416,9.12207571249182
2023-01-26 02:00:00,4.885052421383734,good,50.0,2.0934839938409877
2023-01-26 03:00:00,4.443512668785278,good,51.91819295980261,0.39417585120362975
2023-01-26 04:00:00,4.603179355503004,good,53.12401809838032,7.413087083507622
2023-01-26 05:00:00,6.303893840163629,average,65.76585930283079,11.041783010697426
2023-01-26 06:00:00,5.0316685920289625,good,61.40821897501884,9.678645659513553
2023-01-26 07:00:00,5.8213493052403775,poor,75.67334584148557,21.351582073496886
2023-01-26 08:00:00,6.5170863542742845,good,50.0,6.005347682064148
2023-01-26 09:00:00,7.451974143146827,average,68.19132936619492,7.621800725677369
2023-01-26 10:00:00,4.196560699205495,poor,72.85083397352206,24.94359378516849
2023-01-26 11:00:00,7.997051994545213,average,60.13779741585799,13.417253186527615
2023-01-26 12:00:00,7.139501947454539,average,56.91946132236911,15.31155291411301
2023-01-26 13:00:00,4.4087951597443595,good,50.0,6.2850390008356785
2023-01-26 14:00:00,8.367893120533886,good,50.94571244394831,5.572518333184107
2023-01-26 15:00:00,8.604362002659066,average,66.10637442944092,19.63806294175305
2023-01-26 16:00:00,4.305389799274319,poor,82.8910120472475,23.92569517385642
2023-01-26 17:00:00,5.384388240736019,average,62.08823150436849,11.357122777603614
2023-01-26 18:00:00,8.031006398965307,average,58.37977757512253,14.747958825538625
2023-01-26 19:00:00,7.741298451918292,average,69.25772334179479,5.3704594652916695
2023-01-26 20:00:00,4.922605096781886,average,55.78007656037391,17.153886957759305
2023-01-26 21:00:00,5.046746616683551,good,55.7587899612437,6.93400853429044
2023-01-26 22:00:00,5.85236051395691,average,57.98448086751293,9.173257806032332
2023-01-26 23:00:00,6.422614925955107,poor,78.93204517797427,25.561565411574552
2023-01-27 00:00:00,7.09127385765148,good,50.0,4.981892991739791
2023-01-27 01:00:00,5.8445681978488615,average,61.490184971800545,18.425507882801554
2023-01-27 02:00:00,6.31267358066574,good,65.1180310961482,4.406031140591748
2023-01-27 03:00:00,7.7373546906687825,average,68.6093966191077,8.748525824553347
2023-01-27 04:00:00,4.183416014452989,good,54.04980482499253,6.842090751884866
2023-01-27 05:00:00,5.262184721720104,average,68.65499782153755,15.359229685799544
2023-01-27 06:00:00,7.566747929422762,average,57.274311200287414,13.586115889516478
2023-01-27 07:00:00,8.476034188435996,good,61.86424237338265,8.73361117841438
2023-01-27 08:00:00,6.5583872105783305,average,59.53860609617776,10.454171737850958
2023-01-27 09:00:00,6.660567426326578,average,74.31402432827328,8.252214138936624
2023-01-27 10:00:00,4.53586005669888,poor,93.79260629360606,15.055794912270887
2023-01-27 11:00:00,6.237061834117274,good,53.666738353827924,3.145876334140665
2023-01-27 12:00:00,6.663086332275116,good,52.85377789850669,5.120885766986639
2023-01-27 13:00:00,5.212352518173648,good,57.942766348853596,9.406901877232318
2023-01-27 14:00:00,5.346216154746905,poor,78.16639078967798,21.727278420039507
2023-01-27 15:00:00,5.886420815523113,poor,77.10840649563828,29.709723293460744
2023-01-27 16:00:00,4.100355988888632,average,80.0,8.812209201917216
2023-01-27 17:00:00,5.610395827915891,poor,60.0,21.782744090401618
2023-01-27 18:00:00,5.057240034982723,average,54.25471826727348,12.278834062208617
2023-01-27 19:00:00,5.637486760889573,average,51.83992976264565,13.151087782973962
2023-01-27 20:00:00,4.598810659096256,good,57.12943603096518,3.855525014916693
2023-01-27 21:00:00,8.452636403699476,average,51.817948543589914,7.727126985004246
2023-01-27 22:00:00,6.967962267770243,good,51.792565454778455,7.619343757430971
2023-01-27 23:00:00,7.395511595722448,poor,79.56943524975367,17.247941983298276
2023-01-28 00:00:00,7.9458561930366916,average,66.2962287578094,7.943514225317834
2023-01-28 01:00:00,6.492210994645286,average,67.9781140492892,15.351130312831966
2023-01-28 02:00:00,4.434601440437119,good,58.59878971074091,0.5823783082027523
2023-01-28 03:00:00,6.685532709092739,good,50.0,2.622743218149849
2023-01-28 04:00:00,6.934205590104396,good,50.21781811590996,4.360704802193126
2023-01-28 05:00:00,7.72719737092165,good,57.362031389401885,1.569026241461201
2023-01-28 06:00:00,6.158297731148397,good,62.420580142679825,9.47565126324043
2023-01-28 07:00:00,4.637901513977819,poor,60.0,29.787876606164062
2023-01-28 08:00:00,5.418879528993623,average,71.30279011876544,14.956015410409076
2023-01-28 09:00:00,5.815411481993175,good,54.99645702711677,5.908045335179159
2023-01-28 10:00:00,7.229586206658006,good,50.0,7.214491571095721
2023-01-28 11:00:00,6.85389152334456,average,56.753713928365336,11.901539398365319
2023-01-28 12:00:00,5.780483629489231,average,76.67056878085796,7.901708420179062
2023-01-28 13:00:00,8.932576243964899,average,75.66267035198581,8.155581222947536
2023-01-28 14:00:00,7.028874096784436,poor,75.36393181064602,29.42249518855721
2023-01-28 15:00:00,5.186133958679973,average,77.47259236139742,18.45119824861617
2023-01-28 16:00:00,4.508912363102018,poor,89.85317949249564,21.75142902886289
2023-01-28 17:00:00,4.7642956959216605,poor,71.1458722312522,15.332016765442456
2023-01-28 18:00:00,5.229788641922541,good,65.49860894583257,1.2613765801615207
2023-01-28 19:00:00,4.803406866297778,poor,60.56909765950108,21.208890870788835
2023-01-28 20:00:00,4.932835120256529,good,53.20829923989389,2.688615449790066
2023-01-28 21:00:00,5.425475843469235,poor,81.7581950062536,18.102556659249128
2023-01-28 22:00:00,4.866867976473774,good,58.720959857499686,7.228392039002123
2023-01-28 23:00:00,8.483827123132127,poor,84.42810151838738,21.243255465484715
2023-01-29 00:00:00,4.401168728308211,poor,64.012776888242,17.69488933544868
2023-01-29 01:00:00,6.622556947851273,poor,79.15921711623002,25.33663622230236
2023-01-29 02:00:00,6.051984134948308,average,59.07204323712245,13.36137117005213
2023-01-29 03:00:00,8.911893084543031,good,51.99788217130647,4.842131393476416
2023-01-29 04:00:00,4.560194510840262,good,50.0,0.6360143637779736
2023-01-29 05:00:00,5.989277995228708,average,64.72686336435719,6.744105204393209
2023-01-29 06:00:00,8.847352166376844,good,51.57685087119998,8.410961706161014
2023-01-29 07:00:00,8.327535629469901,average,50.819344888220364,11.55722157567552
2023-01-29 08:00:00,8.085360354746399,good,50.0,4.303431736890725
2023-01-29 09:00:00,5.2895141352246995,poor,79.03586605106413,21.623209333197458
2023-01-29 10:00:00,4.854437936950329,average,56.03681100298273,18.07000388510424
2023-01-29 11:00:00,7.343216099622155,poor,65.56432268393776,17.12417025926849
2023-01-29 12:00:00,8.646879945637929,good,55.07136533918217,6.154289150329266
2023-01-29 13:00:00,6.783814465069649,poor,72.22158168833725,20.729700681944188
2023-01-29 14:00:00,6.858063447349499,poor,86.62620380834036,29.352220058863168
2023-01-29 15:00:00,5.399895468301421,average,71.56540876257459,8.856441340926676
2023-01-29 16:00:00,7.847464665959684,average,65.08749525335075,12.191824672246485
2023-01-29 17:00:00,4.935218742787617,average,80.0,10.509165519210638
2023-01-29 18:00:00,5.618396182021218,good,64.88220292257742,9.487904976919182
2023-01-29 19:00:00,6.127182193082084,average,72.41109970918716,10.524432014835643
2023-01-29 20:00:00,6.538051893422275,good,63.08606287484312,8.114659391516817
2023-01-29 21:00:00,5.212048662075401,good,55.52177968761607,0.5535981693840952
2023-01-29 22:00:00,4.574184123696018,good,50.50607975838436,5.381210100398132
2023-01-29 23:00:00,7.053100212208163,good,50.0,0.7055006370989458
2023-01-30 00:00:00,5.443152766201279,good,54.054398046114834,9.340329911306393
2023-01-30 01:00:00,6.906191107113061,good,59.6082505596223,7.663512805573902
2023-01-30 02:00:00,4.771813576371011,poor,83.60274721565519,18.3019386629629
2023-01-30 03:00:00,6.405700509274087,average,67.08710926193368,5.575457920335517
2023-01-30 04:00:00,6.662947162757929,poor,76.67627384210236,21.653995519772806
2023-01-30 05:00:00,4.259117684112135,average,72.40682827561005,12.691248496908944
2023-01-30 06:00:00,5.6830213909696035,good,50.0,7.139579478647715
2023-01-30 07:00:00,4.672073384694871,average,66.03662593858793,12.457509210765284
2023-01-30 08:00:00,4.3168748523638385,average,58.83252164337095,15.011232958007467
2023-01-30 09:00:00,8.949801161949726,good,52.89619103159473,1.1706441298186265
2023-01-30 10:00:00,5.611769224873615,average,73.30714234124132,18.073277846873715
2023-01-30 11:00:00,8.049372229273175,good,55.994740733982475,1.268728280630933
2023-01-30 12:00:00,5.273203273818819,average,63.333226945815625,10.144497795501174
2023-01-30 13:00:00,7.407513611119646,average,65.32201923077292,7.073683484510856
2023-01-30 14:00:00,7.801139299448433,good,61.17891095911077,6.225753978327817
2023-01-30 15:00:00,6.978193703039222,good,50.0,0.10046981054831594
2023-01-30 16:00:00,6.357880942750792,average,69.65791776584246,11.054700417402167
2023-01-30 17:00:00,6.059204570736343,average,78.58852205524624,15.179901407403456
2023-01-30 18:00:00,5.744341332714976,good,50.0,9.505035615891348
2023-01-30 19:00:00,8.64764572123913,poor,60.0,22.708137521673503
2023-01-30 20:00:00,8.153097038938647,good,52.47910084496164,4.243720260536347
2023-01-30 21:00:00,8.825134553332564,average,69.5254267640804,17.112169034778635
2023-01-30 22:00:00,4.6214861174277235,poor,73.94290728878762,27.154549486849987
2023-01-30 23:00:00,7.654337376018221,good,52.56385717943224,2.989261500983332
2023-01-31 00:00:00,8.69170228410519,good,51.62145960419194,4.108163955674278
2023-01-31 01:00:00,4.9061653308283,good,55.170762087440124,2.1769979885723245
2023-01-31 02:00:00,4.3324813368338875,good,50.0,9.660214591302086
2023-01-31 03:00:00,7.705603246450295,good,50.0,1.3063438155735974
2023-01-31 04:00:00,6.8723655658995595,average,73.19139096437623,6.088621970670662
2023-01-31 05:00:00,8.20914388379136,good,50.0,0.2583897222001119
2023-01-31 06:00:00,4.698861883131448,average,65.55718503663225,8.192751290575362
2023-01-31 07:00:00,7.976336559299451,poor,77.9117650468219,19.741573319113435
2023-01-31 08:00:00,5.008136600238723,poor,91.74558345767956,21.367392490148028
2023-01-31 09:00:00,4.818279714328522,average,65.21022035414857,17.493403923308442
2023-01-31 10:00:00,4.8213289896549645,good,60.97054701523686,4.744531798445233
2023-01-31 11:00:00,8.07287360115691,average,71.13518951852055,6.946744485839169
2023-01-31 12:00:00,7.325986103481,average,54.06954744290698,13.352275404174613
2023-01-31 13:00:00,6.615327123845597,average,75.52393879900299,19.195679800375565
2023-01-31 14:00:00,5.794152420617513,good,58.91695254641298,7.714733448596064
2023-01-31 15:00:00,8.386002704065541,poor,76.48550864334992,23.942740041035652
2023-01-31 16:00:00,5.962225537113177,average,60.60586265740846,14.100339847968288
2023-01-31 17:00:00,8.082997197357885,good,62.11184930849254,6.831755632398181
2023-01-31 18:00:00,6.195674542851092,good,63.6944983189879,0.5233285730066284
2023-01-31 19:00:00,5.884722147124538,average,50.0,19.932254160998298
2023-01-31 20:00:00,6.3133989283480325,poor,63.12754668060532,25.689021109475895
2023-01-31 21:00:00,5.50688937082071,average,67.36616436771196,6.692872170691434
2023-01-31 22:00:00,7.738046900881256,average,56.55084846499949,14.14201645049933
2023-01-31 23:00:00,6.513601950462396,good,57.61257052632879,2.3290183864948166
2023-02-01 00:00:00,5.161063475734086,average,76.73475119045742,9.278665134601498
2023-02-01 01:00:00,8.497872866372841,average,58.381451840400885,8.588166320513281
2023-02-01 02:00:00,5.919456106866058,good,58.25225046268069,9.807611743888515
2023-02-01 03:00:00,6.717764305569943,good,50.0,1.5569259775593292
2023-02-01 04:00:00,8.532360554822734,average,67.3698701340014,10.540739713738777
2023-02-01 05:00:00,7.1211899795699605,good,50.00969686342793,2.117981498815027
2023-02-01 06:00:00,4.5844902035418205,average,66.51637482783234,13.405230115254852
2023-02-01 07:00:00,8.699160618067376,good,56.251001031258475,1.8690729645011817
2023-02-01 08:00:00,7.138540265357089,good,64.97833744891982,0.6665982982330609
2023-02-01 09:00:00,5.674528073285431,good,70.0,9.985608065856287
2023-02-01 10:00:00,4.696360363316936,poor,69.95980016372884,21.661695077631094
2023-02-01 11:00:00,7.97012594635148,poor,80.85564402007877,26.720343275928006
2023-02-01 12:00:00,7.100363779642567,poor,73.42462553602488,25.200690845614048
2023-02-01 13:00:00,6.667305459881607,average,64.99780429171757,8.891737566021146
2023-02-01 14:00:00,8.469462915254788,good,53.39666187221404,5.54620491211145
2023-02-01 15:00:00,7.9429860561226535,average,68.14631738982615,6.7890750805961515
2023-02-01 16:00:00,4.758374398663756,average,79.6023293467598,8.368735739808516
2023-02-01 17:00:00,5.558610338977742,poor,78.06748025122916,26.810232726145607
2023-02-01 18:00:00,5.242445699072329,good,58.329621260272305,0.7541217599278827
2023-02-01 19:00:00,7.719731462863384,average,67.91512226671017,15.519400131325762
2023-02-01 20:00:00,4.167662173678897,good,59.194702502348065,6.6931541636350165
2023-02-01 21:00:00,6.8494484243565825,good,51.91373406726538,8.88272196511506
2023-02-01 22:00:00,7.812293428703453,average,72.8530049936133,11.069806124728252
2023-02-01 23:00:00,8.383828183808747,average,80.0,10.905228289859192
2023-02-02 00:00:00,5.710408743579537,good,57.19750615310113,1.8849985279556114
2023-02-02 01:00:00,8.106286523360065,good,58.89468251756057,8.049668338816854
2023-02-02 02:00:00,4.553158684776037,average,54.15727632462568,13.863741392408402
2023-02-02 03:00:00,8.23226145867259,average,66.80583186854827,19.838250251308793
2023-02-02 04:00:00,4.637443311659912,poor,68.89984608682721,20.970822610184065
2023-02-02 05:00:00,5.986436452801836,poor,83.29042313657983,22.704500758929765
2023-02-02 06:00:00,7.986476828897768,average,64.98317311356803,16.692975227358993
2023-02-02 07:00:00,4.749587136743869,good,53.06450148762799,5.027834418466806
2023-02-02 08:00:00,5.146256976163207,average,57.35485457097337,17.444657080293926
2023-02-02 09:00:00,7.611262841965331,average,70.84325928427417,15.559050005517731
2023-02-02 10:00:00,7.600182682730372,good,53.53016526167909,3.341046520865633
2023-02-02 11:00:00,7.205738164426487,poor,65.77046174928114,16.365544724181625
2023-02-02 12:00:00,7.4697422223355,good,50.0,5.856543354287992
2023-02-02 13:00:00,6.713622216737981,poor,76.59539188789414,21.197917182041966
2023-02-02 14:00:00,5.258995294534763,average,74.79716251602055,14.458830459628153
2023-02-02 15:00:00,5.728479967519597,average,55.6051057606042,11.74398359011606
2023-02-02 16:00:00,4.9079885840071285,average,55.43923091209193,7.829483696361122
2023-02-02 17:00:00,8.542252806668142,poor,79.02601651799604,23.905586744271517
2023-02-02 18:00:00,6.916958973830602,average,68.51949098826636,12.928763021561636
2023-02-02 19:00:00,6.0042570838181994,average,77.57452576048874,17.159057723902414
2023-02-02 20:00:00,6.310029018220663,good,58.49414210101267,2.401515960220142
2023-02-02 21:00:00,8.736416698059077,average,63.301231062315765,14.956874359121661
2023-02-02 22:00:00,4.766757015580401,good,57.46009423996399,1.8381288948181496
2023-02-02 23:00:00,6.9311491600839865,average,73.61000400903404,15.809244359955725
2023-02-03 00:00:00,6.52944339442233,average,58.247062019744995,12.50457734531772
2023-02-03 01:00:00,7.05727117717324,average,76.39927988340625,18.411493041592387
2023-02-03 02:00:00,4.090550919104203,good,52.60581271995798,6.970130139342629
2023-02-03 03:00:00,8.360619544720757,good,50.686121179784394,5.601159830093484
2023-02-03 04:00:00,8.66059141241806,average,69.75251903041494,17.309623405317183
2023-02-03 05:00:00,6.825665917946045,good,53.039936800404355,4.2024960180754185
2023-02-03 06:00:00,7.483254119384461,good,60.29968192023311,5.621108826232295
2023-02-03 07:00:00,8.612496905886479,good,58.08502974788349,0.05864727887161303
2023-02-03 08:00:00,7.5361931715669925,poor,73.00742524277567,19.30300312474191
2023-02-03 09:00:00,4.762695214571306,average,65.54009547352402,16.19470718853615
2023-02-03 10:00:00,6.881441800834066,good,61.059719926932004,0.7787898909129076
2023-02-03 11:00:00,7.03357523191428,good,56.30625265616928,7.068035962105052
2023-02-03 12:00:00,6.12065335651193,good,53.15361430376898,9.200381641090527
2023-02-03 13:00:00,7.682221178123614,average,50.09886133909632,15.715813430559386
2023-02-03 14:00:00,8.671835073845074,average,68.2071768035209,18.74964654040874
2023-02-03 15:00:00,8.627842564533882,good,57.043264057403356,5.689214058447163
2023-02-03 16:00:00,6.254196857020661,good,50.0,8.817089696385846
2023-02-03 17:00:00,4.566190229203777,good,50.0,9.419055872604202
2023-02-03 18:00:00,8.924205994811672,average,52.44275251492477,5.019266382902021
2023-02-03 19:00:00,8.19449043222967,average,55.51186747821397,6.802388881034329
2023-02-03 20:00:00,4.623313406016334,good,51.85368303153606,6.691541555348508
2023-02-03 21:00:00,8.604209413086862,good,62.6686385495825,4.10303721872662
2023-02-03 22:00:00,8.349481810310643,good,52.32099268473851,4.7070099949106154
2023-02-03 23:00:00,6.5941902856303605,poor,75.2592561067211,26.44198579313708
2023-02-04 00:00:00,6.9563771787246464,good,50.0,1.9106213934635818
2023-02-04 01:00:00,5.9950135193506515,average,65.91745630351095,6.1126429339146835
2023-02-04 02:00:00,4.273808194110156,average,64.45789577491804,7.880243764519232
2023-02-04 03:00:00,5.675986208229505,good,52.258563517546996,3.0166224163114883
2023-02-04 04:00:00,8.014267242990057,good,55.80009112926394,3.8401907396495814
2023-02-04 05:00:00,4.023160115023014,good,57.50891368083772,8.543995133256802
2023-02-04 06:00:00,5.667495858455721,average,53.2213891411412,6.763358736814048
2023-02-04 07:00:00,5.990843467954717,average,57.83179986379534,19.853338019226108
2023-02-04 08:00:00,6.686978014689615,average,63.041327603360955,8.141100709249004
2023-02-04 09:00:00,8.599278082063803,average,58.24823543562866,5.17669814429963
2023-02-04 10:00:00,5.7317299718298065,good,52.93267419438362,9.207564510547337
2023-02-04 11:00:00,5.734766009481138,poor,68.788006876056,24.8307479919518
2023-02-04 12:00:00,7.687506240548742,average,80.0,15.020291787688398
2023-02-04 13:00:00,6.261089704449036,good,50.21424542552479,5.963935996924615
2023-02-04 14:00:00,5.12302411469991,poor,69.6652102643875,27.918483408905786
2023-02-04 15:00:00,6.262197580663467,average,72.18890384323812,18.560524796818388
2023-02-04 16:00:00,4.704285101898999,average,72.74130297050117,9.802717511426579
2023-02-04 17:00:00,4.8819349325311165,average,61.0523675835923,15.053809640665389
2023-02-04 18:00:00,6.4918388636973985,poor,69.50976691395933,25.311972060745923
2023-02-04 19:00:00,6.094627247522739,average,65.54700144078753,14.37193098078088
2023-02-04 20:00:00,8.5742295053405,good,59.450992055623935,9.365702180708391
2023-02-04 21:00:00,5.811969495583165,good,60.17624667361876,3.083521216761987
2023-02-04 22:00:00,6.902941751390218,poor,79.11906876861097,21.27197399690434
2023-02-04 23:00:00,7.161321439597652,good,50.35244569903795,7.6409558657887935
2023-02-05 00:00:00,4.065472282941668,good,50.0,2.4781244290690685
2023-02-05 01:00:00,7.317686860083553,average,64.47034076971919,10.957803294756932
2023-02-05 02:00:00,4.890179834348757,average,78.80779523752865,8.67918957461551
2023-02-05 03:00:00,8.805351587347275,average,55.298084403207014,11.726117615238994
2023-02-05 04:00:00,4.7433136387655646,poor,67.79462893990016,29.374915297220802
2023-02-05 05:00:00,6.0731206186351185,good,50.0,3.7127092050539376
2023-02-05 06:00:00,4.426748340393219,good,56.03633664699472,5.016991660064249
2023-02-05 07:00:00,8.984371259229736,good,55.34672168518125,7.254681684501628
2023-02-05 08:00:00,6.510975051656213,poor,78.89844189635996,29.940191750733725
2023-02-05 09:00:00,6.976925086600219,average,68.98832250039052,13.487946103394293
2023-02-05 10:00:00,4.335382386942137,good,52.26659957706367,4.850729091426954
2023-02-05 11:00:00,7.749802351995889,poor,77.78876095888785,27.726265896457665
2023-02-05 12:00:00,5.049527965477929,poor,73.99860457293468,15.306024160323094
2023-02-05 13:00:00,8.490271447203568,poor,81.77505683107931,24.06733473387689
2023-02-05 14:00:00,5.025698202410036,poor,74.07820613958242,19.155381733044365
2023-02-05 15:00:00,4.953438603318332,good,59.14866208939587,6.928784276966522
2023-02-05 16:00:00,4.182748339240474,average,63.442675722552146,18.517664348260332
2023-02-05 17:00:00,6.360334725549996,average,79.3280353700369,16.26003521422482
2023-02-05 18:00:00,6.824205666313082,poor,69.65323844122558,25.113294486710956
2023-02-05 19:00:00,4.328543197141762,average,62.17846807654478,14.048332034869455
2023-02-05 20:00:00,7.877638083475053,average,78.94087311543313,9.88371698778517
2023-02-05 21:00:00,6.266444173740139,average,59.175570866051004,19.753959496081613
2023-02-05 22:00:00,6.6219513466379,good,60.08830733421751,6.393748005427755
2023-02-05 23:00:00,6.20381373469114,average,63.97082203598405,5.657702787449448
2023-02-06 00:00:00,6.00381530437663,poor,77.0965344726938,27.00546282683018
2023-02-06 01:00:00,6.79820165654109,poor,60.0,21.85535928288938
2023-02-06 02:00:00,4.776201229653562,good,56.95347960464072,0.8540248429087383
2023-02-06 03:00:00,4.909640652476355,good,50.0,4.498039907044287
2023-02-06 04:00:00,8.308928105067587,good,60.23658853310724,7.563560547436343
2023-02-06 05:00:00,8.730577310668163,average,64.45945268343868,9.990352695390051
2023-02-06 06:00:00,5.866546581398765,poor,85.04322887567918,19.131700196857636
2023-02-06 07:00:00,5.353723365717769,good,54.78261525093069,8.94747570831301
2023-02-06 08:00:00,7.219997716195079,average,52.56791772166119,7.470766204144714
2023-02-06 09:00:00,6.0436708554904826,poor,65.93772038985804,21.73722304098319
2023-02-06 10:00:00,4.126931778301724,average,66.76798192197637,12.718566744017007
2023-02-06 11:00:00,4.780762986830952,average,74.69172433315734,8.002313168740503
2023-02-06 12:00:00,7.579861144236988,average,68.1093882910347,9.793841393899974
2023-02-06 13:00:00,7.294619709550757,average,72.70926070415034,13.87711861494989
2023-02-06 14:00:00,4.135479962517417,good,57.823029629468,0.8877326695623267
2023-02-06 15:00:00,5.109860809664747,average,74.42358029341923,7.211795138992693
2023-02-06 16:00:00,5.1553739829403575,average,68.65575445212446,6.098684061610852
2023-02-06 17:00:00,7.359463717993642,poor,70.507538029355,23.75787400962023
2023-02-06 18:00:00,4.098552688771821,average,80.0,16.286138498180136
2023-02-06 19:00:00,4.520542909922869,average,71.22325985595924,16.299693978188856
2023-02-06 20:00:00,7.999580426865947,good,54.342637021641664,2.511920046044672
2023-02-06 21:00:00,4.892723310271668,average,56.06586908423165,15.040781355048038
2023-02-06 22:00:00,7.263730539259374,good,52.81617881380891,1.349784860716421
2023-02-06 23:00:00,5.190913905233632,good,50.0,2.961767655589985
2023-02-07 00:00:00,4.497206963796726,average,66.01864838437768,5.57542332181962
2023-02-07 01:00:00,5.21586095499727,poor,76.78522443798158,21.181404144488088
2023-02-07 02:00:00,7.611334659278295,good,50.0,3.467187612359112
2023-02-07 03:00:00,8.27848234053143,average,76.12038849630517,12.505375405765854
2023-02-07 04:00:00,8.151099322834959,poor,60.0,23.312545824165
2023-02-07 05:00:00,5.985917648092274,good,56.3174360766553,7.56789222902397
2023-02-07 06:00:00,7.340425682853231,average,64.2194382099994,14.642030752431237
2023-02-07 07:00:00,5.024921477079105,average,59.36523463403208,15.392017979448632
2023-02-07 08:00:00,5.465738651305067,average,62.28610058514007,18.06451399793814
2023-02-07 09:00:00,8.4816790926056,good,51.5472947384187,1.3031798809129091
2023-02-07 10:00:00,4.06500961755368,good,50.41904042259379,3.4562703703615894
2023-02-07 11:00:00,4.42754265427234,average,56.21405239618623,13.420337362840069
2023-02-07 12:00:00,5.039431275730136,average,64.10641722937267,18.242547360171187
2023-02-07 13:00:00,4.132661019369099,good,51.42120005444624,0.6325340889867959
2023-02-07 14:00:00,4.907177175448987,average,50.0,12.764447425969507
2023-02-07 15:00:00,6.91520780484846,good,62.436230776679636,8.587449685295802
2023-02-07 16:00:00,6.107122752962489,average,72.6213875795167,16.239730327136517
2023-02-07 17:00:00,8.463358555384875,good,56.19702250267689,2.5320116336997667
2023-02-07 18:00:00,8.087217808692206,poor,62.58790200752857,23.005881205071667
2023-02-07 19:00:00,5.70908675848938,good,57.360011354596374,5.275796224253504
2023-02-07 20:00:00,5.297117167156463,good,55.37977633958044,6.554359784406612
2023-02-07 21:00:00,5.898462040836335,good,58.71341209179861,2.331875544216163
2023-02-07 22:00:00,6.951474712574038,good,57.41124476340329,8.644029871943976
2023-02-07 23:00:00,5.340318204114381,poor,84.30270862027989,24.09324963331149
2023-02-08 00:00:00,7.1207445392456705,poor,70.35986933877052,20.053828696151186
2023-02-08 01:00:00,6.047058260956202,good,59.43645418633371,0.1612464637221489
2023-02-08 02:00:00,6.760235904259901,average,62.1172364172544,16.208369676328804
2023-02-08 03:00:00,6.180632645676583,average,65.9234957674037,9.67554982239218
2023-02-08 04:00:00,5.472328797709588,poor,75.85955499472713,18.344250128366305
2023-02-08 05:00:00,8.742266534810783,average,63.469427057954746,17.567620713582777
2023-02-08 06:00:00,7.818028970798804,good,60.36489023883006,7.901313737261083
2023-02-08 07:00:00,4.700565878832263,average,64.43385051494177,18.216577225348487
2023-02-08 08:00:00,8.342339879489565,average,65.36580943348238,8.849925348438717
2023-02-08 09:00:00,6.437155991247568,good,50.0,8.032121232440932
2023-02-08 10:00:00,8.472761134470456,average,59.98088695610445,19.039912685026664
2023-02-08 11:00:00,7.999276279736576,good,58.60781252563072,7.408832067219855
2023-02-08 12:00:00,6.126067522346167,average,71.8447088478034,11.21644718700555
2023-02-08 13:00:00,4.112346541600587,good,62.266303316605175,3.5552979715200763
2023-02-08 14:00:00,5.34338679692473,average,73.07513240321848,10.159694544745552
2023-02-08 15:00:00,6.708171073304335,average,74.7044457808399,9.158876245237792
2023-02-08 16:00:00,7.167391099130736,average,62.88473589112165,19.950249169020196
2023-02-08 17:00:00,5.2894384271660115,good,63.59688953103648,7.453977391415395
2023-02-08 18:00:00,4.69678037036412,average,62.470826066228966,14.670799660727264
2023-02-08 19:00:00,8.174651183996495,average,64.55071087097826,10.329344648289782
2023-02-08 20:00:00,8.92201090351776,average,57.9258124604976,5.737412437325722
2023-02-08 21:00:00,6.628450911513429,average,61.393471243342304,5.465853140527334
2023-02-08 22:00:00,4.858396429241518,average,75.71136639204346,13.312718831731981
2023-02-08 23:00:00,5.361536632596845,poor,70.37663378533831,22.548288107744433
2023-02-09 00:00:00,4.0919533827373336,good,55.12694210271205,6.614662053236518
2023-02-09 01:00:00,8.571494032802494,poor,75.01060550987526,25.85371050659971
2023-02-09 02:00:00,4.588755414450706,average,62.710878776731604,5.501397996398325
2023-02-09 03:00:00,6.882582377571268,good,51.55136112967913,2.3207857786616506
2023-02-09 04:00:00,5.37027610343603,good,52.53438588800114,7.089000062515824
2023-02-09 05:00:00,6.770890012578967,good,62.21816001734407,8.237444619122996
2023-02-09 06:00:00,7.257101941759322,average,68.58049702753303,6.085645897911837
2023-02-09 07:00:00,8.148709018536008,average,78.5460782804216,19.311974623566087
2023-02-09 08:00:00,5.032106358803016,average,70.70850715710984,8.348831016040414
2023-02-09 09:00:00,4.054979143292402,average,64.66338044868459,18.83461663225377
2023-02-09 10:00:00,4.684428150344036,average,63.71794670262694,11.388397325550226
2023-02-09 11:00:00,8.500093209240525,good,56.70025647284445,2.9119645499662417
2023-02-09 12:00:00,8.369450387812577,good,57.85306498609766,7.722675568375058
2023-02-09 13:00:00,6.987065510851542,average,60.60880587834088,18.962492962637114
2023-02-09 14:00:00,7.002584302168267,good,53.34345808408339,8.27581217480702
2023-02-09 15:00:00,7.325183372731278,good,51.93881632746125,4.2766908582416905
2023-02-09 16:00:00,4.876856393117248,average,61.48751065031928,18.54575979653773
2023-02-09 17:00:00,8.5720597296248,average,55.3927411648113,7.095808504684311
2023-02-09 18:00:00,6.093852624460366,poor,80.5237814889721,21.057165078712487
2023-02-09 19:00:00,5.915692641247487,poor,77.12493594538027,18.22116753612536
2023-02-09 20:00:00,6.594588526414188,average,68.501683286056,19.005183591994026
2023-02-09 21:00:00,4.234829833875275,average,61.26479785492583,13.135798402856581
2023-02-09 22:00:00,4.8314168437803975,average,73.54574909169133,12.911846955825983
2023-02-09 23:00:00,7.690168082131852,average,58.86258353151709,7.116891774489828
2023-02-10 00:00:00,4.413993339625632,good,57.744419176586824,9.334551052498522
2023-02-10 01:00:00,7.015760547331941,average,52.76654443120217,17.15210136118192
2023-02-10 02:00:00,5.226745548406605,poor,73.57665699356481,20.787891702541636
2023-02-10 03:00:00,5.946478070209883,good,56.639397620796785,5.631643884539549
2023-02-10 04:00:00,5.443468683853499,average,59.43110052441382,18.71924681772787
2023-02-10 05:00:00,5.7783635823247455,average,67.97075756502709,8.129778697376466
2023-02-10 06:00:00,7.595229525921227,good,53.85100184712403,2.381248432539987
2023-02-10 07:00:00,5.485608578115875,good,50.74296782869843,9.384476404104076
2023-02-10 08:00:00,6.8320232014844855,good,55.87605709454256,1.7108596685716204
2023-02-10 09:00:00,6.380252010995498,good,69.92629501301705,1.1324345163981986
2023-02-10 10:00:00,7.3183558268132405,good,56.83740832737152,5.701872157998045
2023-02-10 11:00:00,8.68414869662379,poor,91.60052031478833,15.808988742613067
2023-02-10 12:00:00,7.662860486051251,good,59.60900750988626,4.771098176939262
2023-02-10 13:00:00,5.074701892953784,average,56.782840249137195,13.991458130414326
2023-02-10 14:00:00,4.1559156753064235,good,57.100472452259204,6.791716995379929
2023-02-10 15:00:00,5.311320221499125,poor,81.11088281306738,16.557590791663912
2023-02-10 16:00:00,6.975389653501274,good,65.28271782414771,9.928321316819753
2023-02-10 17:00:00,4.257129067421252,average,57.64083061852459,14.935577898691303
2023-02-10 18:00:00,6.481831236006181,poor,76.34412272426023,24.1456229330514
2023-02-10 19:00:00,6.984214244584447,poor,82.56169227689188,17.94723978604378
2023-02-10 20:00:00,5.671219454084804,good,57.77756323171124,3.0430759182086433
2023-02-10 21:00:00,7.854561018729109,poor,67.97220958926351,17.603582162271596
2023-02-10 22:00:00,4.532991265668859,average,79.67090451266411,8.708091106083153
2023-02-10 23:00:00,4.375688908679043,average,76.16109674224438,16.22562874142274
2023-02-11 00:00:00,7.6409437810180165,good,59.87908359672355,8.368634222265923
2023-02-11 01:00:00,6.477456581030992,good,59.59227221971207,5.723151856300765
2023-02-11 02:00:00,7.4420119821386805,average,64.65679461413374,18.377303171099193
2023-02-11 03:00:00,6.174136693018731,average,63.87747943268619,7.946619728341788
2023-02-11 04:00:00,5.2320101661955345,average,67.31595913230905,14.207689175115863
2023-02-11 05:00:00,8.095511588370998,average,75.15701006691936,6.315764625799465
2023-02-11 06:00:00,7.997079394844896,average,71.15591928796182,10.873056494024437
2023-02-11 07:00:00,7.473482354272134,good,53.4575860577209,2.8518659601004783
2023-02-11 08:00:00,5.360725686149813,average,74.63547515013677,14.891348702748743
2023-02-11 09:00:00,6.9511533343454355,good,57.16479912680348,9.05756790636448
2023-02-11 10:00:00,5.804869484700134,average,69.80946057101241,9.238112954936653
2023-02-11 11:00:00,4.457910366633171,average,75.26578601495022,10.67037424151603
2023-02-11 12:00:00,8.586567877311214,poor,78.28440068262093,20.978388362161915
2023-02-11 13:00:00,4.684093154594807,good,65.44221386434963,3.2825508927733704
2023-02-11 14:00:00,8.751186769104013,good,50.0,1.1284054451688441
2023-02-11 15:00:00,6.230028864789778,good,50.0,8.700249255201657
